{
  "emitter": {
    "emitterShape": "rectangle",
    "birthRate": 1,
    "emitterCells": [{
      "color": {
        "red": 0.99999994039535522,
        "green": 0.49327188730239868,
        "blue": 0.47399842739105225
      },
      "alphaSpeed": 0.20543110370635986,
      "alphaRange": 0,
      "particleType": "plane",
      "blueSpeed": 0,
      "lifetimeRange": 4,
      "scaleSpeed": 0.029999999999999999,
      "scaleRange": 0.20000000000000001,
      "velocity": 10,
      "orientationLatitude": 0,
      "emissionRange": 6.2800000000000002,
      "emissionLongitude": 0,
      "emissionLatitude": 0,
      "velocityRange": 8,
      "contents": "heart",
      "redRange": 0,
      "birthRate": 13.61681079864502,
      "spinRange": 0.10000000000000001,
      "id": "0D67240B-AA23-4B32-8907-B77133DD3EAC",
      "greenSpeed": 0,
      "alpha": 0.10245668888092041,
      "greenRange": 0,
      "acceleration": {
        "x": 0,
        "y": 150,
        "z": 0
      },
      "scale": 1,
      "blueRange": 0,
      "redSpeed": 0.70350152254104614,
      "orientationLongitude": 1.5707963267948966,
      "orientationRange": 0.28905372326495127,
      "spin": 11.886031627655029,
      "lifetime": 5
    }, {
      "color": {
        "red": 0.99999994039535522,
        "green": 0.1491314172744751,
        "blue": 0
      },
      "emissionLongitude": 0,
      "emissionLatitude": 0,
      "alphaSpeed": 1,
      "alphaRange": 0,
      "particleType": "plane",
      "blueSpeed": 0,
      "lifetimeRange": 4,
      "scaleSpeed": 0.029999999999999999,
      "scaleRange": 0.20000000000000001,
      "velocity": 10,
      "orientationLatitude": 0,
      "emissionRange": 6.2800000000000002,
      "velocityRange": 8,
      "contents": "heart",
      "redRange": 0,
      "birthRate": 25.464984893798828,
      "spinRange": 0.10000000000000001,
      "id": "267734B1-2C6B-4D7A-81A8-CAED7B1E1D8B",
      "greenSpeed": 0,
      "alpha": 1,
      "greenRange": 0,
      "acceleration": {
        "x": 0,
        "y": 150,
        "z": 0
      },
      "scale": 1,
      "blueRange": 0,
      "redSpeed": 0,
      "orientationLongitude": 1.5707963267948966,
      "orientationRange": 0,
      "spin": 10.906174182891846,
      "lifetime": 5,
      "emissionLongitude": 0,
      "emissionLatitude": 0
    }],
    "animations": [],
    "emitterPosition": [500, 100],
    "emitterSize": [300, 200]
  },
  "behaviors": [{
    "id": "F5411FF9-7505-4AEB-98F7-2606C0CE43E6",
    "drag": 0,
    "rotation": 0,
    "radius": 0,
    "position": {
      "x": 0,
      "y": 0,
      "z": 0
    },
    "behaviorType": "wave",
    "attractorType": "radial",
    "falloff": 0,
    "stiffness": 0,
    "force": {
      "x": 500,
      "y": 0,
      "z": 0
    },
    "frequency": 0.50960510969161987,
    "preservesDepth": false,
    "orientationLongitude": 0,
    "orientationLatitude": 0,
  }, {
    "id": "0D14C9C8-55B8-433E-AC8B-13F2D8EA8AAB",
    "drag": 0,
    "rotation": 0,
    "radius": 0,
    "position": {
      "x": 0,
      "y": 0,
      "z": 0
    },
    "behaviorType": "wave",
    "attractorType": "radial",
    "falloff": 0,
    "stiffness": 0,
    "force": {
      "x": 0,
      "y": 100,
      "z": 0
    },
    "frequency": 0.47509098052978516,
    "preservesDepth": false,
    "orientationLongitude": 0,
    "orientationLatitude": 0,
  }, {
    "id": "2BA02FAB-AD2B-4AF0-8A6B-ED5240C5AFFD",
    "drag": 0,
    "rotation": 0,
    "radius": 204.16309833526611,
    "position": {
      "x": 500,
      "y": 130,
      "z": 100
    },
    "behaviorType": "attractor",
    "attractorType": "radial",
    "falloff": -300,
    "stiffness": 16.528251171112061,
    "force": {
      "x": 0,
      "y": 0,
      "z": 0
    },
    "frequency": 0,
    "preservesDepth": false,
    "orientationLongitude": 0,
    "orientationLatitude": 0,
  }]
}
