{"emitter":{"emitterShape":"sphere","birthRate":1,"emitterCells":[{"color":{"red":0,"green":0.58980089430000004,"blue":1},"alphaSpeed":0.20543110370635986,"alphaRange":0,"particleType":"plane","blueSpeed":0,"lifetimeRange":4,"scaleSpeed":0.029999999999999999,"scaleRange":0.20000000000000001,"velocity":10,"orientationLatitude":0,"emissionRange":6.2800000000000002,"velocityRange":8,"contents":"rectangle","redRange":0,"birthRate":13.61681079864502,"spinRange":0.10000000000000001,"id":"0D67240B-AA23-4B32-8907-B77133DD3EAC","greenSpeed":0,"alpha":1,"greenRange":0,"acceleration":{"x":0,"y":200,"z":0},"scale":1,"blueRange":0,"redSpeed":0,"orientationLongitude":1.5707963267948966,"orientationRange":0.28905372326495127,"spin":11.886031627655029,"lifetime":5},{"color":{"red":0.46202266219999999,"green":0.83828371759999998,"blue":1},"alphaSpeed":1,"alphaRange":0,"particleType":"plane","blueSpeed":0,"lifetimeRange":4,"scaleSpeed":0.029999999999999999,"scaleRange":0.20000000000000001,"velocity":10,"orientationLatitude":0,"emissionRange":6.2800000000000002,"velocityRange":8,"contents":"square","redRange":0,"birthRate":25.464984893798828,"spinRange":0.10000000000000001,"id":"267734B1-2C6B-4D7A-81A8-CAED7B1E1D8B","greenSpeed":0,"alpha":1,"greenRange":0,"acceleration":{"x":0,"y":200,"z":0},"scale":1,"blueRange":0,"redSpeed":0,"orientationLongitude":1.5707963267948966,"orientationRange":0,"spin":10.906174182891846,"lifetime":5}],"animations":[],"emitterPosition":[500,0],"emitterSize":[200,200]},"behaviors":[{"id":"CA0D035E-6611-42C5-B442-412C24D9F0B7","drag":0,"rotation":0,"radius":0,"position":{"x":0,"y":0,"z":0},"behaviorType":"wave","attractorType":"radial","falloff":0,"stiffness":0,"force":{"x":500,"y":0,"z":0},"frequency":0.50960510969161987,"preservesDepth":false},{"id":"919BE748-3911-4DDC-A5FC-098D0CC40538","drag":0,"rotation":0,"radius":102.81195938587189,"position":{"x":500,"y":300,"z":100},"behaviorType":"attractor","attractorType":"axial","falloff":0,"stiffness":16.212007999420166,"force":{"x":0,"y":0,"z":0},"frequency":0,"preservesDepth":false}]}